gen_id,Pg_pu,Qg_pu,Pg_MW,Qg_MVar
0,0.39176771287685447,0.24351409729445178,3.9176771287685446,2.435140972944518
