Generator,Bus,Active Power (pu),Reactive Power (pu)
0,0,0.39176773630544376,0.2435141195700008
