gen_id,Pg_pu,Qg_pu,Pg_MW,Qg_MVar
0,0.39176773630544376,0.2435141195700008,3.9176773630544375,2.435141195700008
