gen_id,Pg_pu,Qg_pu,Pg_MW,Qg_MVar
0,0.5416653754748644,0.27810191452963356,5.416653754748644,2.7810191452963355
