dc_id,bus,C_kW,pdc_kW,qdc_kVar
0,24,2000.0,1400.0,284.28212488760585
1,30,2000.0,0.0,0.0
-1,-1,4000.0,1400.0,284.28212488760585
