gen_id,Pg_pu,Qg_pu,Pg_MW,Qg_MVar
0,0.5416653669676851,0.2781019064096738,5.416653669676851,2.7810190640967383
